camada_shortbread,tipo_shortbread,tag_osm,classe_edgv,codigo_tipo_edgv,nome_tipo_edgv,tipo_geometria,status_mapeamento,observacoes,zoom_minimo_shortbread,escala_minima
addresses,All addresses,,N/A,N/A,N/A,N/A,Não Mapeável,Camada de endereços sem geometria de edificação - não mapeável diretamente para EDGV,14,1:25.000
boundaries,countries,boundary=administrative+admin_level=2,llp_limite_legal_l,1,internacional,Linha,Totalmente Mapeável,Países,0,1:500.000
ocean,ocean,natural=coastline,cobter_massa_dagua_a,3,Oceano (sem fluxo),Polígono,Totalmente Mapeável,Mapeamento de oceano,0,1:500.000
place_labels,capital,"place=city,town,village,hamlet+capital=yes",llp_localidade_p,3,Capital federal,Ponto,Totalmente Mapeável,Capital nacional,2,1:500.000
place_labels,state_capital,"place=city,town,village,hamlet+capital=4",llp_localidade_p,2,Capital estadual,Ponto,Totalmente Mapeável,Capital estadual,3,1:500.000
land,forest,"landuse=forest,natural=wood",cobter_vegetacao_a,601,Floresta densa,Polígono,Totalmente Mapeável,Uso/cobertura do solo: floresta,4,1:500.000
land,grass,landuse=grass,cobter_vegetacao_a,901,Campo,Polígono,Totalmente Mapeável,Uso/cobertura do solo: grama,4,1:500.000
land,meadow,landuse=meadow,cobter_vegetacao_a,901,Campo,Polígono,Totalmente Mapeável,Uso/cobertura do solo: prado,4,1:500.000
land,orchard,landuse=orchard,cobter_vegetacao_a,194,Cult - Perene,Polígono,Totalmente Mapeável,Uso/cobertura do solo: pomar,4,1:500.000
land,vineyard,landuse=vineyard,cobter_vegetacao_a,142,Cult - Videira,Polígono,Totalmente Mapeável,Uso/cobertura do solo: vinhedo,4,1:500.000
land,allotments,landuse=allotments,cobter_vegetacao_a,197,Cult - Anual não irrigado,Polígono,Totalmente Mapeável,Uso/cobertura do solo: lotes comunitários - hortas comunitárias/lotes de subsistência,4,1:500.000
land,cemetery,landuse=cemetery,constr_ocupacao_solo_a,104,Cemitério Comum - Cristã,Polígono,Totalmente Mapeável,Uso/cobertura do solo: cemitério,4,1:500.000
boundary_labels,labels,,N/A,N/A,N/A,N/A,Não Mapeável,Camada de rótulo - nomes armazenados nas feições de polígono de limite,2,1:500.000
bridges,bridge,,N/A,N/A,N/A,N/A,Não Mapeável,"Polígono de ponte - EDGV representa pontes como atributos em linhas de transporte, não como feições de polígono separadas",12,1:50.000
land,grave_yard,amenity=grave_yard,constr_ocupacao_solo_a,104,Cemitério Comum - Cristã,Polígono,Totalmente Mapeável,Uso/cobertura do solo: cemitério,4,1:500.000
land,village_green,landuse=village_green,cobter_vegetacao_a,901,Campo,Polígono,Totalmente Mapeável,Uso/cobertura do solo: área verde de vila,4,1:500.000
land,recreation_ground,landuse=recreation_ground,constr_area_uso_especifico_a,18,Área relacionada ao lazer,Polígono,Totalmente Mapeável,Uso/cobertura do solo: área de recreação,4,1:500.000
land,greenhouse_horticulture,landuse=greenhouse_horticulture,constr_area_uso_especifico_a,4,Área relacionada a edificação agropecuária,Polígono,Totalmente Mapeável,Uso/cobertura do solo: horticultura em estufa,4,1:500.000
land,plant_nursery,landuse=plant_nursery,constr_area_uso_especifico_a,4,Área relacionada a edificação agropecuária,Polígono,Totalmente Mapeável,Uso/cobertura do solo: viveiro de plantas,4,1:500.000
land,sand,natural=sand,cobter_vegetacao_a,1002,Terreno exposto - areia,Polígono,Totalmente Mapeável,Uso/cobertura do solo: areia,4,1:500.000
land,beach,natural=beach,cobter_vegetacao_a,1002,Terreno exposto - areia,Polígono,Totalmente Mapeável,Uso/cobertura do solo: praia,4,1:500.000
land,heath,natural=heath,cobter_vegetacao_a,801,Caatinga,Polígono,Totalmente Mapeável,Uso/cobertura do solo: charneca,4,1:500.000
land,scrub,natural=scrub,cobter_vegetacao_a,701,Cerrado/Cerradão,Polígono,Totalmente Mapeável,Uso/cobertura do solo: arbustos,4,1:500.000
land,grassland,natural=grassland,cobter_vegetacao_a,901,Campo,Polígono,Totalmente Mapeável,Uso/cobertura do solo: campo,4,1:500.000
land,bare_rock,natural=bare_rock,cobter_vegetacao_a,1003,Terreno exposto - pedregoso,Polígono,Totalmente Mapeável,Uso/cobertura do solo: rocha exposta,4,1:500.000
land,scree,natural=scree,cobter_vegetacao_a,1001,Terreno exposto - cascalho,Polígono,Totalmente Mapeável,Uso/cobertura do solo: cascalho,4,1:500.000
land,shingle,natural=shingle,cobter_vegetacao_a,1001,Terreno exposto - cascalho,Polígono,Totalmente Mapeável,Uso/cobertura do solo: seixos,4,1:500.000
land,swamp,wetland=swamp,cobter_vegetacao_a,301,Brejo/pântano,Polígono,Totalmente Mapeável,Uso/cobertura do solo: pântano,4,1:500.000
land,bog,wetland=bog,cobter_vegetacao_a,301,Brejo/pântano,Polígono,Totalmente Mapeável,Uso/cobertura do solo: turfeira,4,1:500.000
land,string_bog,wetland=string_bog,cobter_vegetacao_a,301,Brejo/pântano,Polígono,Totalmente Mapeável,Uso/cobertura do solo: turfeira linear,4,1:500.000
land,wet_meadow,wetland=wet_meadow,cobter_vegetacao_a,301,Brejo/pântano,Polígono,Totalmente Mapeável,Uso/cobertura do solo: prado úmido,4,1:500.000
land,marsh,wetland=marsh,cobter_vegetacao_a,301,Brejo/pântano,Polígono,Totalmente Mapeável,Uso/cobertura do solo: charco,4,1:500.000
land,golf_course,leisure=golf_course,constr_area_uso_especifico_a,18,Área relacionada ao lazer,Polígono,Totalmente Mapeável,Uso/cobertura do solo: campo de golfe,4,1:500.000
land,park,leisure=park,constr_area_uso_especifico_a,18,Área relacionada ao lazer,Polígono,Totalmente Mapeável,Uso/cobertura do solo: parque,4,1:500.000
land,garden,leisure=garden,constr_area_uso_especifico_a,18,Área relacionada ao lazer,Polígono,Totalmente Mapeável,Uso/cobertura do solo: jardim,4,1:500.000
land,playground,leisure=playground,constr_area_uso_especifico_a,18,Área relacionada ao lazer,Polígono,Totalmente Mapeável,Uso/cobertura do solo: playground,4,1:500.000
land,miniature_golf,leisure=miniature_golf,constr_area_uso_especifico_a,18,Área relacionada ao lazer,Polígono,Totalmente Mapeável,Uso/cobertura do solo: minigolfe,4,1:500.000
land,residential,landuse=residential,cobter_area_edificada_a,N/A,N/A,Polígono,Totalmente Mapeável,Uso/cobertura do solo: residencial,4,1:500.000
land,industrial,landuse=industrial,constr_area_uso_especifico_a,8,Área relacionada a edificação industrial,Polígono,Totalmente Mapeável,Uso/cobertura do solo: industrial,4,1:500.000
land,commercial,landuse=commercial,constr_area_uso_especifico_a,5,Área relacionada a edificação de comércio ou serviços,Polígono,Totalmente Mapeável,Uso/cobertura do solo: comercial,4,1:500.000
land,garages,landuse=garages,constr_area_uso_especifico_a,5,Área relacionada a edificação de comércio ou serviços,Polígono,Totalmente Mapeável,Uso/cobertura do solo: garagens,4,1:500.000
land,retail,landuse=retail,constr_area_uso_especifico_a,5,Área relacionada a edificação de comércio ou serviços,Polígono,Totalmente Mapeável,Uso/cobertura do solo: varejo,4,1:500.000
land,railway,landuse=railway,constr_area_uso_especifico_a,16,Área relacionada a instalação de estrutura de transporte,Polígono,Totalmente Mapeável,Uso/cobertura do solo: ferrovia,4,1:500.000
land,landfill,landuse=landfill,constr_deposito_a,305,San - Aterro sanitário,Polígono,Totalmente Mapeável,Uso/cobertura do solo: aterro - aterro sanitário,4,1:500.000
land,quarry,landuse=quarry,constr_extracao_mineral_a,4,Mina / Pedreira,Polígono,Totalmente Mapeável,Uso/cobertura do solo: pedreira - extração de mineração/pedreira,4,1:500.000
land,brownfield,landuse=brownfield,cobter_vegetacao_a,1004,Terreno exposto - pavimentado,Polígono,Totalmente Mapeável,Uso/cobertura do solo: brownfield - terreno pavimentado previamente desenvolvido,4,1:500.000
land,greenfield,landuse=greenfield,cobter_vegetacao_a,901,Campo,Polígono,Totalmente Mapeável,Uso/cobertura do solo: greenfield - campo não desenvolvido para construção futura,4,1:500.000
land,farmyard,landuse=farmyard,constr_area_uso_especifico_a,4,Área relacionada a edificação agropecuária,Polígono,Totalmente Mapeável,Uso/cobertura do solo: pátio de fazenda,4,1:500.000
land,farmland,landuse=farmland,cobter_vegetacao_a,197,Cult - Anual não irrigado,Polígono,Totalmente Mapeável,Uso/cobertura do solo: terra agrícola,4,1:500.000
place_labels,city,place=city,llp_localidade_p,1,Cidade,Ponto,Totalmente Mapeável,Assentamento urbano - cidade,4,1:500.000
water_polygons,water,natural=water+water!=river,cobter_massa_dagua_a,7,Lago ou Lagoa (sem fluxo),Polígono,Totalmente Mapeável,Corpo d'água,4,1:500.000
water_polygons,river,natural=water+water=river,cobter_massa_dagua_a,1,Rio (com fluxo),Polígono,Totalmente Mapeável,Rio como polígono,4,1:500.000
water_polygons,river,waterway=riverbank,cobter_massa_dagua_a,1,Rio (com fluxo),Polígono,Totalmente Mapeável,Rio como polígono,4,1:500.000
water_polygons,reservoir,landuse=reservoir,cobter_massa_dagua_a,11,Represa/açude sem fluxo,Polígono,Totalmente Mapeável,Reservatório/bacia,4,1:500.000
water_polygons,basin,landuse=basin,cobter_massa_dagua_a,11,Represa/açude sem fluxo,Polígono,Totalmente Mapeável,Reservatório/bacia,4,1:500.000
streets,motorway,highway=motorway,infra_via_deslocamento_l,4,Auto-estrada,Linha,Totalmente Mapeável,Transporte: autoestrada,5,1:250.000
place_labels,town,place=town,llp_localidade_p,1,Cidade,Ponto,Totalmente Mapeável,Assentamento urbano - vila (mapeado como Cidade),6,1:250.000
streets,trunk,highway=trunk,infra_via_deslocamento_l,4,Auto-estrada,Linha,Totalmente Mapeável,Transporte: via expressa,6,1:250.000
boundaries,states,boundary=administrative+admin_level=4,llp_limite_legal_l,2,estadual,Linha,Totalmente Mapeável,Estados,7,1:250.000
streets,primary,highway=primary,infra_via_deslocamento_l,2,Estrada/Rodovia,Linha,Totalmente Mapeável,Transporte: primária,8,1:250.000
streets,rail,railway=rail,infra_ferrovia_l,7,Trem,Linha,Totalmente Mapeável,Ferrovia - bitola padrão (usar bitola=2),8,1:250.000
streets,narrow_gauge,railway=narrow_gauge,infra_ferrovia_l,7,Trem,Linha,Totalmente Mapeável,Ferrovia - bitola estreita (usar bitola=1),8,1:250.000
streets,secondary,highway=secondary,infra_via_deslocamento_l,2,Estrada/Rodovia,Linha,Totalmente Mapeável,Transporte: secundária,9,1:250.000
water_lines,canal,waterway=canal,elemnat_trecho_drenagem_l,2,Canal,Linha,Totalmente Mapeável,Drenagem de canal,9,1:250.000
water_lines,river,waterway=river,elemnat_trecho_drenagem_l,1,Rio,Linha,Totalmente Mapeável,Drenagem de rio,9,1:250.000
ferries,ferry,route=ferry,infra_travessia_hidroviaria_l,1,Balsa,Linha,Totalmente Mapeável,Rota de balsa,10,1:100.000
place_labels,village,place=village,llp_localidade_p,4,Vila,Ponto,Totalmente Mapeável,Assentamento rural - vila,10,1:100.000
place_labels,island,place=island,elemnat_ilha_p,N/A,N/A,Ponto,Totalmente Mapeável,Ilha,10,1:100.000
sites,danger_area,military=danger_area,llp_limite_especial_a,36,Área militar,Polígono,Totalmente Mapeável,Área de perigo militar,10,1:100.000
sites,sports_centre,leisure=sports_centre,constr_area_uso_especifico_a,18,Área relacionada ao lazer,Polígono,Totalmente Mapeável,Sítio: centro esportivo,10,1:100.000
sites,university,amenity=university,constr_area_uso_especifico_a,6,Área relacionada a edificação de ensino,Polígono,Totalmente Mapeável,Sítio: universidade,10,1:100.000
sites,college,amenity=college,constr_area_uso_especifico_a,6,Área relacionada a edificação de ensino,Polígono,Totalmente Mapeável,Sítio: faculdade,10,1:100.000
sites,school,amenity=school,constr_area_uso_especifico_a,6,Área relacionada a edificação de ensino,Polígono,Totalmente Mapeável,Sítio: escola,10,1:100.000
sites,hospital,amenity=hospital,constr_area_uso_especifico_a,7,Área relacionada a edificação de saúde,Polígono,Totalmente Mapeável,Sítio: hospital,10,1:100.000
place_labels,suburb,place=suburb,N/A,N/A,N/A,N/A,Não Mapeável,Subdivisão urbana - não é uma localidade separada em EDGV,11,1:50.000
place_labels,quarter,place=quarter,N/A,N/A,N/A,N/A,Não Mapeável,Subdivisão urbana - não é uma localidade separada em EDGV,13,1:25.000
sites,prison,amenity=prison,constr_edificacao_a,3006,Seg - Prisional,Polígono,Totalmente Mapeável,Área de prisão - aproximado para edificação polígono,10,1:100.000
sites,parking,amenity=parking,constr_ocupacao_solo_a,901,Estacionamento,Polígono,Totalmente Mapeável,Sítio: estacionamento,10,1:100.000
streets,tertiary,highway=tertiary,infra_via_deslocamento_l,2,Estrada/Rodovia,Linha,Totalmente Mapeável,Transporte: terciária,10,1:100.000
streets,tram,railway=tram,infra_ferrovia_l,5,Bonde,Linha,Totalmente Mapeável,Bonde/trânsito leve,10,1:100.000
streets,light_rail,railway=light_rail,infra_ferrovia_l,5,Bonde,Linha,Totalmente Mapeável,Veículo leve sobre trilhos (mapeado para tipo bonde),10,1:100.000
streets,funicular,railway=funicular,infra_elemento_infraestrutura_l,1501,Funicular,Linha,Totalmente Mapeável,Ferrovia funicular,10,1:100.000
pois,atm,amenity=atm,N/A,N/A,N/A,N/A,Não Mapeável,POI: caixa eletrônico - máquina/equipamento,14,1:25.000
streets,subway,railway=subway,infra_ferrovia_l,8,Metrô,Linha,Totalmente Mapeável,Metrô/metropolitano,10,1:100.000
streets,monorail,railway=monorail,infra_ferrovia_l,5,Bonde,Linha,Totalmente Mapeável,Monotrilho - aproximado para Bonde,10,1:100.000
pois,bench,amenity=bench,N/A,N/A,N/A,N/A,Não Mapeável,POI: banco - mobiliário urbano,14,1:25.000
water_polygons,dock,waterway=dock,infra_elemento_infraestrutura_a,1938,Atrac - Cais,Polígono,Totalmente Mapeável,Doca/cais,10,1:100.000
water_polygons,canal,waterway=canal,cobter_massa_dagua_a,2,Canal (com fluxo),Polígono,Totalmente Mapeável,Polígono de canal - canais operacionais com fluxo de água,10,1:100.000
public_transport,aerodrome,aeroway=aerodrome,constr_edificacao_p,2426,Aero - Terminal de passageiros,Ponto,Totalmente Mapeável,Aeroporto/aeródromo,11,1:50.000
street_polygons,runway,aeroway=runway,infra_pista_pouso_a,9,pista de pouso,Polígono,Totalmente Mapeável,Polígono de transporte: pista de pouso,11,1:50.000
streets,runway,aeroway=runway,infra_pista_pouso_l,9,pista de pouso,Linha,Totalmente Mapeável,Transporte: pista de pouso,11,1:50.000
aerialways,cable_car,aerialway=cable_car,infra_elemento_infraestrutura_l,2001,Caminho Aéreo – Teleférico,Linha,Totalmente Mapeável,Transporte aéreo com cabine fechada,12,1:50.000
aerialways,gondola,aerialway=gondola,infra_elemento_infraestrutura_l,2001,Caminho Aéreo – Teleférico,Linha,Totalmente Mapeável,Transporte aéreo com cabine fechada,12,1:50.000
aerialways,goods,aerialway=goods,infra_elemento_infraestrutura_l,2001,Caminho Aéreo – Teleférico,Linha,Totalmente Mapeável,Transporte aéreo de carga,12,1:50.000
aerialways,chair_lift,aerialway=chair_lift,infra_elemento_infraestrutura_l,2098,Caminho Aéreo – Outros,Linha,Totalmente Mapeável,Teleférico para esqui ao ar livre,12,1:50.000
aerialways,drag_lift,aerialway=drag_lift,infra_elemento_infraestrutura_l,2098,Caminho Aéreo – Outros,Linha,Totalmente Mapeável,Teleférico para esqui ao ar livre,12,1:50.000
aerialways,t-bar,aerialway=t-bar,infra_elemento_infraestrutura_l,2098,Caminho Aéreo – Outros,Linha,Totalmente Mapeável,Teleférico para esqui ao ar livre,12,1:50.000
aerialways,j-bar,aerialway=j-bar,infra_elemento_infraestrutura_l,2098,Caminho Aéreo – Outros,Linha,Totalmente Mapeável,Teleférico para esqui ao ar livre,12,1:50.000
aerialways,platter,aerialway=platter,infra_elemento_infraestrutura_l,2098,Caminho Aéreo – Outros,Linha,Totalmente Mapeável,Teleférico para esqui ao ar livre,12,1:50.000
pois,dog_park,amenity=dog_park,N/A,N/A,N/A,N/A,Não Mapeável,POI: parque para cães - área aberta,14,1:25.000
pois,drinking_water,amenity=drinking_water,N/A,N/A,N/A,N/A,Não Mapeável,POI: água potável - fonte/torneira,14,1:25.000
aerialways,rope-tow,aerialway=rope_tow,infra_elemento_infraestrutura_l,2098,Caminho Aéreo – Outros,Linha,Totalmente Mapeável,Teleférico para esqui ao ar livre,12,1:50.000
dam_lines,dam,waterway=dam,infra_barragem_l,1,barragem,Linha,Totalmente Mapeável,Barragem como linha,12,1:50.000
dam_polygons,dam,waterway=dam,infra_barragem_a,1,barragem,Polígono,Totalmente Mapeável,Barragem como polígono,12,1:50.000
pier_lines,pier,man_made=pier,infra_elemento_infraestrutura_l,1942,Atrac - Pier,Linha,Totalmente Mapeável,Pier como linha - pier recreativo/de acesso,12,1:50.000
pois,fountain,amenity=fountain,N/A,N/A,N/A,N/A,Não Mapeável,POI: fonte - elemento aquático,14,1:25.000
pier_lines,breakwater,man_made=breakwater,infra_elemento_infraestrutura_l,701,Quebramar,Linha,Totalmente Mapeável,Quebramar como linha,12,1:50.000
pier_lines,groyne,man_made=groyne,infra_elemento_infraestrutura_l,801,Molhe,Linha,Totalmente Mapeável,Espigão como linha,12,1:50.000
pois,hunting_stand,amenity=hunting_stand,N/A,N/A,N/A,N/A,Não Mapeável,POI: torre de caça - pequena plataforma,14,1:25.000
pier_polygons,pier,man_made=pier,infra_elemento_infraestrutura_a,1942,Atrac - Pier,Polígono,Totalmente Mapeável,Pier como polígono - pier recreativo/de acesso,12,1:50.000
pier_polygons,breakwater,man_made=breakwater,infra_elemento_infraestrutura_a,701,Quebramar,Polígono,Totalmente Mapeável,Quebramar como polígono,12,1:50.000
pier_polygons,groyne,man_made=groyne,infra_elemento_infraestrutura_a,801,Molhe,Polígono,Totalmente Mapeável,Espigão como polígono,12,1:50.000
place_labels,hamlet,place=hamlet,llp_localidade_p,7,Lugarejo,Ponto,Totalmente Mapeável,Lugarejo - pequeno assentamento rural,12,1:50.000
public_transport,ferry_terminal,amenity=ferry_terminal,constr_edificacao_p,2501,Port - Edificação portuária,Ponto,Totalmente Mapeável,Terminal de balsas,12,1:50.000
streets,unclassified,highway=unclassified,infra_via_deslocamento_l,2,Estrada/Rodovia,Linha,Totalmente Mapeável,Transporte: não classificada,12,1:50.000
pois,playground,amenity=playground,N/A,N/A,N/A,N/A,Não Mapeável,POI: playground - área de equipamentos de recreação,14,1:25.000
streets,residential,highway=residential,infra_via_deslocamento_l,5,Arruamento,Linha,Totalmente Mapeável,Transporte: residencial,12,1:50.000
pois,post_box,amenity=post_box,N/A,N/A,N/A,N/A,Não Mapeável,POI: caixa de correio - caixa postal,14,1:25.000
streets,busway,highway=busway,infra_via_deslocamento_l,5,Arruamento,Linha,Totalmente Mapeável,Transporte: via exclusiva para ônibus,12,1:50.000
streets,bus_guideway,highway=bus_guideway,infra_via_deslocamento_l,5,Arruamento,Linha,Totalmente Mapeável,Transporte: guia de ônibus,12,1:50.000
place_labels,neighbourhood,place=neighbourhood,llp_localidade_p,8,Nome Local,Ponto,Totalmente Mapeável,Subdivisão urbana - não é uma localidade separada em EDGV,13,1:50.000
place_labels,locality,place=locality,llp_localidade_p,8,Nome local,Ponto,Totalmente Mapeável,Nome de lugar local (desabitado),13,1:50.000
pois,recycling,amenity=recycling,N/A,N/A,N/A,N/A,Não Mapeável,POI: reciclagem - contêiner/lixeira,14,1:25.000
public_transport,helipad,aeroway=helipad,infra_pista_pouso_p,11,Heliponto,Ponto,Totalmente Mapeável,Heliponto - área de pouso,13,1:50.000
public_transport,station,railway=station,constr_edificacao_p,2316,Ferrov - Estação ferroviária de passageiros,Ponto,Totalmente Mapeável,Estação ferroviária,13,1:50.000
public_transport,halt,railway=halt,constr_edificacao_p,2316,Ferrov - Estação ferroviária de passageiros,Ponto,Totalmente Mapeável,Parada ferroviária,13,1:50.000
pois,telephone,amenity=telephone,N/A,N/A,N/A,N/A,Não Mapeável,POI: telefone - cabine telefônica,14,1:25.000
public_transport,bus_station,amenity=bus_station,constr_edificacao_p,2209,Rod - Terminal urbano,Ponto,Totalmente Mapeável,Estação de ônibus,13,1:50.000
pois,toilets,amenity=toilets,N/A,N/A,N/A,N/A,Não Mapeável,POI: banheiros - instalações,14,1:25.000
public_transport,aerialway_station,aerialway=station,constr_edificacao_p,998,Comerc - Outros,Ponto,Totalmente Mapeável,Transporte público: estação de transporte aéreo - instalação de transporte aéreo,13,1:50.000
street_polygons,taxiway,aeroway=taxiway,infra_pista_pouso_a,10,pista de táxi,Polígono,Totalmente Mapeável,Polígono de transporte: pista de táxi,13,1:50.000
pois,vending_machine,amenity=vending_machine,N/A,N/A,N/A,N/A,Não Mapeável,POI: máquina de venda automática - máquina,14,1:25.000
streets,living_street,highway=living_street,infra_via_deslocamento_l,5,Arruamento,Linha,Totalmente Mapeável,Transporte: rua compartilhada,13,1:50.000
pois,waste_basket,amenity=waste_basket,N/A,N/A,N/A,N/A,Não Mapeável,POI: lixeira - cesto de lixo,14,1:25.000
pois,defibrillator,emergency=defibrillator,N/A,N/A,N/A,N/A,Não Mapeável,POI: desfibrilador - equipamento médico,14,1:25.000
pois,fire_hydrant,emergency=fire_hydrant,N/A,N/A,N/A,N/A,Não Mapeável,POI: hidrante - equipamento de incêndio,14,1:25.000
pois,phone,emergency=phone,N/A,N/A,N/A,N/A,Não Mapeável,POI: telefone - telefone de emergência,14,1:25.000
pois,emergency_access_point,highway=emergency_access_point,N/A,N/A,N/A,N/A,Não Mapeável,POI: ponto de acesso de emergência - marcador,14,1:25.000
streets,service,highway=service,infra_via_deslocamento_l,5,Arruamento,Linha,Totalmente Mapeável,Transporte: serviço,13,1:50.000
pois,battlefield,historic=battlefield,N/A,N/A,N/A,N/A,Não Mapeável,POI: campo de batalha - local histórico,14,1:25.000
streets,pedestrian,highway=pedestrian,infra_via_deslocamento_l,5,Arruamento,Linha,Totalmente Mapeável,Transporte: pedestre,13,1:50.000
streets,track,highway=track,infra_via_deslocamento_l,3,Caminho carroçável,Linha,Totalmente Mapeável,Transporte: trilha carroçável,13,1:50.000
streets,footway,highway=footway,infra_via_deslocamento_l,6,Trilha ou Picada,Linha,Totalmente Mapeável,Transporte: caminho de pedestres,13,1:50.000
streets,steps,highway=steps,infra_via_deslocamento_l,6,Trilha ou Picada,Linha,Totalmente Mapeável,Transporte: escadas,13,1:50.000
streets,path,highway=path,infra_via_deslocamento_l,6,Trilha ou Picada,Linha,Totalmente Mapeável,Transporte: caminho,13,1:50.000
streets,taxiway,aeroway=taxiway,infra_pista_pouso_l,10,pista de táxi,Linha,Totalmente Mapeável,Transporte: pista de táxi,13,1:50.000
buildings,All buildings,building=*,constr_edificacao_a,0,edificação genérica,Polígono,Totalmente Mapeável,Polígono de edifício genérico - tipo determinado por atributos POI,14,1:25.000
place_labels,isolated_dwelling,place=isolated_dwelling,llp_localidade_p,7,Lugarejo,Ponto,Totalmente Mapeável,Habitação rural isolada,14,1:25.000
pois,ice_rink,leisure=ice_rink,N/A,N/A,N/A,N/A,Não Mapeável,POI: pista de gelo - instalação esportiva,14,1:25.000
place_labels,farm,place=farm,constr_edificacao_p,1212,Agro - Sede operacional de fazenda,Ponto,Totalmente Mapeável,Edifício sede de fazenda,14,1:25.000
pois,arts_centre,amenity=arts_centre,constr_edificacao_p,807,Laz - Centro cultural,Ponto,Totalmente Mapeável,POI: centro de artes,14,1:25.000
pois,bank,amenity=bank,constr_edificacao_p,908,Comerc - Banco,Ponto,Totalmente Mapeável,POI: banco,14,1:25.000
pois,bar,amenity=bar,constr_edificacao_p,998,Comerc - Outros,Ponto,Totalmente Mapeável,POI: bar - estabelecimento de comida/bebida,14,1:25.000
pois,bicycle_rental,amenity=bicycle_rental,constr_edificacao_p,998,Comerc - Outros,Ponto,Totalmente Mapeável,POI: aluguel de bicicletas - serviço comercial,14,1:25.000
pois,biergarten,amenity=biergarten,constr_edificacao_p,998,Comerc - Outros,Ponto,Totalmente Mapeável,POI: biergarten - estabelecimento de comida/bebida,14,1:25.000
pois,surveillance,man_made=surveillance,N/A,N/A,N/A,N/A,Não Mapeável,POI: vigilância - equipamento de câmera,14,1:25.000
pois,cafe,amenity=cafe,constr_edificacao_p,998,Comerc - Outros,Ponto,Totalmente Mapeável,POI: café - estabelecimento de comida/bebida,14,1:25.000
pois,car_rental,amenity=car_rental,constr_edificacao_p,998,Comerc - Outros,Ponto,Totalmente Mapeável,POI: aluguel de carros - serviço comercial,14,1:25.000
pois,car_sharing,amenity=car_sharing,constr_edificacao_p,998,Comerc - Outros,Ponto,Totalmente Mapeável,POI: compartilhamento de carros - serviço comercial,14,1:25.000
pois,car_wash,amenity=car_wash,constr_edificacao_p,998,Comerc - Outros,Ponto,Totalmente Mapeável,POI: lava-rápido - serviço comercial,14,1:25.000
pois,cinema,amenity=cinema,constr_edificacao_p,806,Laz - Espaço de exibição de filmes,Ponto,Totalmente Mapeável,POI: cinema,14,1:25.000
pois,clinic,amenity=clinic,constr_edificacao_p,2029,Sau - Serviços de complementação diagnóstica ou terapêutica,Ponto,Totalmente Mapeável,POI: clínica,14,1:25.000
pois,college,amenity=college,constr_edificacao_p,520,Ens - Edificação de educação superior – Graduação,Ponto,Totalmente Mapeável,POI: faculdade,14,1:25.000
pois,community_centre,amenity=community_centre,constr_edificacao_p,807,Laz - Centro cultural,Ponto,Totalmente Mapeável,POI: centro comunitário - instalação cultural/comunitária,14,1:25.000
pois,courthouse,amenity=courthouse,constr_edificacao_p,1313,Pub Civ - Fórum,Ponto,Totalmente Mapeável,POI: tribunal,14,1:25.000
pois,dentist,amenity=dentist,constr_edificacao_p,2029,Sau - Serviços de complementação diagnóstica ou terapêutica,Ponto,Totalmente Mapeável,POI: dentista,14,1:25.000
pois,doctors,amenity=doctors,constr_edificacao_p,2029,Sau - Serviços de complementação diagnóstica ou terapêutica,Ponto,Totalmente Mapeável,POI: médicos,14,1:25.000
pois,embassy,amenity=embassy,constr_edificacao_p,2902,Dip – Embaixada,Ponto,Totalmente Mapeável,POI: embaixada,14,1:25.000
pois,fast_food,amenity=fast_food,constr_edificacao_p,998,Comerc - Outros,Ponto,Totalmente Mapeável,POI: fast food - estabelecimento de comida/bebida,14,1:25.000
pois,fire_station,amenity=fire_station,constr_edificacao_p,3007,Seg - Bombeiros Militar,Ponto,Totalmente Mapeável,POI: estação de bombeiros,14,1:25.000
pois,food_court,amenity=food_court,constr_edificacao_p,903,Comerc - Centro comercial,Ponto,Totalmente Mapeável,POI: praça de alimentação - parte de centro comercial,14,1:25.000
pois,grave_yard,amenity=grave_yard,constr_ocupacao_solo_a,104,Cemitério Comum - Cristã,Polígono,Totalmente Mapeável,POI: cemitério - área de cemitério,14,1:25.000
pois,hospital,amenity=hospital,constr_edificacao_p,2025,Sau - Atendimento hospitalar,Ponto,Totalmente Mapeável,POI: hospital,14,1:25.000
pois,library,amenity=library,constr_edificacao_p,810,Laz - Biblioteca,Ponto,Totalmente Mapeável,POI: biblioteca,14,1:25.000
pois,marketplace,amenity=marketplace,constr_edificacao_p,910,Comerc - Mercado público,Ponto,Totalmente Mapeável,POI: mercado,14,1:25.000
pois,nightclub,amenity=nightclub,constr_edificacao_p,998,Comerc - Outros,Ponto,Totalmente Mapeável,POI: boate - estabelecimento de entretenimento,14,1:25.000
pois,nursing_home,amenity=nursing_home,constr_edificacao_p,2026,Sau - Atendimento hospitalar especializado,Ponto,Totalmente Mapeável,POI: lar de idosos,14,1:25.000
pois,pharmacy,amenity=pharmacy,constr_edificacao_p,2029,Sau - Serviços de complementação diagnóstica ou terapêutica,Ponto,Totalmente Mapeável,POI: farmácia,14,1:25.000
pois,place_of_worship,amenity=place_of_worship,constr_edificacao_p,602,Rel - Templo,Ponto,Totalmente Mapeável,POI: local de culto,14,1:25.000
pois,police,amenity=police,constr_edificacao_p,3001,Seg – Delegacia de polícia civil,Ponto,Totalmente Mapeável,POI: polícia,14,1:25.000
pois,post_office,amenity=post_office,constr_edificacao_p,1304,Pub Civ - Gestão pública,Ponto,Totalmente Mapeável,POI: correios,14,1:25.000
pois,prison,amenity=prison,constr_edificacao_p,3006,Seg - Prisional,Ponto,Totalmente Mapeável,POI: prisão,14,1:25.000
pois,pub,amenity=pub,constr_edificacao_p,998,Comerc - Outros,Ponto,Totalmente Mapeável,POI: pub - estabelecimento de comida/bebida,14,1:25.000
pois,public_building,amenity=public_building,constr_edificacao_p,1304,Pub Civ - Gestão pública,Ponto,Totalmente Mapeável,POI: edifício público,14,1:25.000
pois,restaurant,amenity=restaurant,constr_edificacao_p,998,Comerc - Outros,Ponto,Totalmente Mapeável,POI: restaurante - estabelecimento de comida/bebida,14,1:25.000
pois,school,amenity=school,constr_edificacao_p,518,Ens - Edificação de ensino fundamental,Ponto,Totalmente Mapeável,POI: escola,14,1:25.000
pois,shelter,amenity=shelter,constr_edificacao_p,2101,Ssoc – Serviço Social,Ponto,Totalmente Mapeável,POI: abrigo - instalação de serviço social,14,1:25.000
pois,theatre,amenity=theatre,constr_edificacao_p,804,Laz - Teatro,Ponto,Totalmente Mapeável,POI: teatro,14,1:25.000
pois,townhall,amenity=townhall,constr_edificacao_p,1322,Pub Civ - Prefeitura,Ponto,Totalmente Mapeável,POI: prefeitura,14,1:25.000
pois,university,amenity=university,constr_edificacao_p,521,Ens - Edificação de educação superior – graduação e pós-graduação,Ponto,Totalmente Mapeável,POI: universidade,14,1:25.000
pois,veterinary,amenity=veterinary,constr_edificacao_p,2031,Sau - Serviços veterinários,Ponto,Totalmente Mapeável,POI: veterinário,14,1:25.000
pois,archaeological_site,historic=archaeological_site,constr_ocupacao_solo_a,601,Sítio Arqueológico,Polígono,Totalmente Mapeável,POI: sítio arqueológico - local histórico,14,1:25.000
pois,castle,historic=castle,constr_edificacao_p,798,Tur - Outros,Ponto,Totalmente Mapeável,POI: castelo - fortificação/palácio histórico,14,1:25.000
pois,fort,historic=fort,constr_edificacao_p,798,Tur - Outros,Ponto,Totalmente Mapeável,POI: forte - fortificação militar histórica,14,1:25.000
pois,memorial,historic=memorial,constr_edificacao_p,712,Tur - Monumento,Ponto,Totalmente Mapeável,POI: memorial,14,1:25.000
pois,monument,historic=monument,constr_edificacao_p,712,Tur - Monumento,Ponto,Totalmente Mapeável,POI: monumento,14,1:25.000
pois,ruins,historic=ruins,constr_ocupacao_solo_a,701,Ruína,Polígono,Totalmente Mapeável,POI: ruínas - ruínas históricas,14,1:25.000
pois,wayside_cross,historic=wayside_cross,constr_edificacao_p,709,Tur - Cruzeiro,Ponto,Totalmente Mapeável,POI: cruzeiro de beira de estrada,14,1:25.000
pois,wayside_shrine,historic=wayside_shrine,constr_edificacao_p,698,Rel - Outros,Ponto,Totalmente Mapeável,POI: santuário de beira de estrada - pequena estrutura religiosa,14,1:25.000
pois,golf_course,leisure=golf_course,constr_area_uso_especifico_a,18,Área relacionada ao lazer,Polígono,Totalmente Mapeável,POI: campo de golfe - área esportiva,14,1:25.000
pois,pitch,leisure=pitch,constr_ocupacao_solo_a,206,Campo/Quadra poliesportiva,Polígono,Totalmente Mapeável,POI: campo - campo esportivo,14,1:25.000
pois,artwork,tourism=artwork,N/A,N/A,N/A,N/A,Não Mapeável,POI: obra de arte - peça de arte,14,1:25.000
pois,sports_centre,leisure=sports_centre,constr_edificacao_p,802,Laz - Ginásio,Ponto,Totalmente Mapeável,POI: centro esportivo,14,1:25.000
pois,stadium,leisure=stadium,constr_edificacao_p,801,Laz - Estádio,Ponto,Totalmente Mapeável,POI: estádio,14,1:25.000
pois,camp_site,tourism=camp_site,N/A,N/A,N/A,N/A,Não Mapeável,POI: acampamento - área de camping,14,1:25.000
pois,caravan_site,tourism=caravan_site,N/A,N/A,N/A,N/A,Não Mapeável,POI: área de trailer - área de estacionamento de trailers,14,1:25.000
pois,swimming_pool,leisure=swimming_pool,constr_ocupacao_solo_a,501,Piscina,Polígono,Totalmente Mapeável,POI: piscina - instalação de piscina,14,1:25.000
pois,water_park,leisure=water_park,constr_area_uso_especifico_a,18,Área relacionada ao lazer,Polígono,Totalmente Mapeável,POI: parque aquático - área recreativa,14,1:25.000
pois,lighthouse,man_made=lighthouse,constr_ocupacao_solo_p,1101,Farol ou farolete,Ponto,Totalmente Mapeável,POI: farol - estrutura de auxílio à navegação,14,1:25.000
pois,tower,man_made=tower,constr_edificacao_p,0,edificação genérica,Ponto,Totalmente Mapeável,POI: torre - torre genérica (depende do tipo),14,1:25.000
pois,information,tourism=information,N/A,N/A,N/A,N/A,Não Mapeável,POI: informação - placa/painel informativo,14,1:25.000
pois,wastewater_plant,man_made=wastewater_plant,constr_edificacao_p,405,Saneam - Edificação de tratamento de esgoto,Ponto,Totalmente Mapeável,POI: estação de tratamento de esgoto,14,1:25.000
pois,picnic_site,tourism=picnic_site,N/A,N/A,N/A,N/A,Não Mapeável,POI: área de piquenique - área de piquenique,14,1:25.000
pois,water_well,man_made=water_well,elemnat_elemento_hidrografico_p,1,Poço dágua,Ponto,Totalmente Mapeável,POI: poço de água - estrutura de poço,14,1:25.000
pois,water_works,man_made=water_works,constr_edificacao_p,302,Abast - Edificação de tratamento de água,Ponto,Totalmente Mapeável,POI: estação de tratamento de água,14,1:25.000
pois,watermill,man_made=watermill,constr_ocupacao_solo_p,802,Moinho,Ponto,Totalmente Mapeável,POI: moinho de água,14,1:25.000
pois,windmill,man_made=windmill,constr_ocupacao_solo_p,802,Moinho,Ponto,Totalmente Mapeável,POI: moinho de vento,14,1:25.000
pois,diplomatic,office=diplomatic,constr_edificacao_p,2901,Dip – Consulado,Ponto,Totalmente Mapeável,POI: diplomático,14,1:25.000
pois,alcohol,shop=alcohol,constr_edificacao_p,998,Comerc - Outros,Ponto,Totalmente Mapeável,POI: álcool - loja de varejo,14,1:25.000
pois,bakery,shop=bakery,constr_edificacao_p,998,Comerc - Outros,Ponto,Totalmente Mapeável,POI: padaria - loja de varejo,14,1:25.000
public_transport,tram_stop,railway=tram_stop,N/A,N/A,N/A,N/A,Não Mapeável,Ponto de bonde - paradas ao nível da rua sem edifícios,14,1:25.000
pois,beauty,shop=beauty,constr_edificacao_p,998,Comerc - Outros,Ponto,Totalmente Mapeável,POI: beleza - loja de varejo,14,1:25.000
public_transport,bus_stop,highway=bus_stop,N/A,N/A,N/A,N/A,Não Mapeável,Paradas simples de ônibus urbano sem infraestrutura de edifício - não mapeável para tipos de edifício EDGV,14,1:25.000
pois,beverages,shop=beverages,constr_edificacao_p,998,Comerc - Outros,Ponto,Totalmente Mapeável,POI: bebidas - loja de varejo,14,1:25.000
pois,bicycle,shop=bicycle,constr_edificacao_p,998,Comerc - Outros,Ponto,Totalmente Mapeável,POI: bicicleta - loja de varejo,14,1:25.000
pois,books,shop=books,constr_edificacao_p,998,Comerc - Outros,Ponto,Totalmente Mapeável,POI: livros - loja de varejo,14,1:25.000
pois,butcher,shop=butcher,constr_edificacao_p,998,Comerc - Outros,Ponto,Totalmente Mapeável,POI: açougue - loja de varejo,14,1:25.000
pois,car,shop=car,constr_edificacao_p,998,Comerc - Outros,Ponto,Totalmente Mapeável,POI: carro - loja de varejo,14,1:25.000
pois,chemist,shop=chemist,constr_edificacao_p,998,Comerc - Outros,Ponto,Totalmente Mapeável,POI: produtos químicos - loja de varejo,14,1:25.000
pois,clothes,shop=clothes,constr_edificacao_p,998,Comerc - Outros,Ponto,Totalmente Mapeável,POI: roupas - loja de varejo,14,1:25.000
pois,computer,shop=computer,constr_edificacao_p,998,Comerc - Outros,Ponto,Totalmente Mapeável,POI: computador - loja de varejo,14,1:25.000
pois,convenience,shop=convenience,constr_edificacao_p,998,Comerc - Outros,Ponto,Totalmente Mapeável,POI: conveniência - loja de varejo,14,1:25.000
pois,department_store,shop=department_store,constr_edificacao_p,998,Comerc - Outros,Ponto,Totalmente Mapeável,POI: loja de departamentos - grande edifício de varejo,14,1:25.000
sites,bicycle_parking,amenity=bicycle_parking,N/A,N/A,N/A,N/A,Não Mapeável,Sítio: estacionamento de bicicletas,10,1:100.000
sites,construction,landuse=construction,N/A,N/A,N/A,N/A,Não Mapeável,Canteiro de obras - usar atributo situacao_fisica=4 na classe de feição apropriada,10,1:100.000
street_labels,labels,,N/A,N/A,N/A,N/A,Não Mapeável,Camada de rótulo - nomes armazenados nas próprias feições de ruas,10,1:100.000
street_labels_points,labels,,N/A,N/A,N/A,N/A,Não Mapeável,Camada de rótulo - informações de junção de rodovia armazenadas como atributos em estradas,12,1:50.000
street_polygons,pedestrian,highway=pedestrian,N/A,N/A,N/A,N/A,Não Mapeável,Rua polígono - EDGV suporta apenas geometrias de linha para ruas (infra_via_deslocamento_l),14,1:25.000
street_polygons,service,highway=service,N/A,N/A,N/A,N/A,Não Mapeável,Rua polígono - EDGV suporta apenas geometrias de linha para ruas (infra_via_deslocamento_l),14,1:25.000
pois,doityourself,shop=doityourself,constr_edificacao_p,998,Comerc - Outros,Ponto,Totalmente Mapeável,POI: faça você mesmo - loja de varejo,14,1:25.000
pois,dry_cleaning,shop=dry_cleaning,constr_edificacao_p,998,Comerc - Outros,Ponto,Totalmente Mapeável,POI: lavagem a seco - loja de varejo,14,1:25.000
pois,florist,shop=florist,constr_edificacao_p,998,Comerc - Outros,Ponto,Totalmente Mapeável,POI: floricultura - loja de varejo,14,1:25.000
pois,furniture,shop=furniture,constr_edificacao_p,998,Comerc - Outros,Ponto,Totalmente Mapeável,POI: móveis - loja de varejo,14,1:25.000
pois,garden_centre,shop=garden_centre,constr_edificacao_p,998,Comerc - Outros,Ponto,Totalmente Mapeável,POI: centro de jardinagem - loja de varejo,14,1:25.000
pois,general,shop=general,constr_edificacao_p,998,Comerc - Outros,Ponto,Totalmente Mapeável,POI: geral - loja de varejo,14,1:25.000
pois,gift,shop=gift,constr_edificacao_p,998,Comerc - Outros,Ponto,Totalmente Mapeável,POI: presentes - loja de varejo,14,1:25.000
pois,greengrocer,shop=greengrocer,constr_edificacao_p,998,Comerc - Outros,Ponto,Totalmente Mapeável,POI: quitanda - loja de varejo,14,1:25.000
pois,hairdresser,shop=hairdresser,constr_edificacao_p,998,Comerc - Outros,Ponto,Totalmente Mapeável,POI: cabeleireiro - loja de varejo,14,1:25.000
pois,hardware,shop=hardware,constr_edificacao_p,998,Comerc - Outros,Ponto,Totalmente Mapeável,POI: ferragens - loja de varejo,14,1:25.000
pois,jewelry,shop=jewelry,constr_edificacao_p,998,Comerc - Outros,Ponto,Totalmente Mapeável,POI: joalheria - loja de varejo,14,1:25.000
pois,kiosk,shop=kiosk,constr_edificacao_p,998,Comerc - Outros,Ponto,Totalmente Mapeável,POI: quiosque - loja de varejo,14,1:25.000
pois,laundry,shop=laundry,constr_edificacao_p,998,Comerc - Outros,Ponto,Totalmente Mapeável,POI: lavanderia - loja de varejo,14,1:25.000
pois,mall,shop=mall,constr_edificacao_p,903,Comerc - Centro comercial,Ponto,Totalmente Mapeável,POI: shopping,14,1:25.000
pois,mobile_phone,shop=mobile_phone,constr_edificacao_p,998,Comerc - Outros,Ponto,Totalmente Mapeável,POI: celular - loja de varejo,14,1:25.000
pois,newsagent,shop=newsagent,constr_edificacao_p,998,Comerc - Outros,Ponto,Totalmente Mapeável,POI: banca de jornal - loja de varejo,14,1:25.000
pois,optician,shop=optician,constr_edificacao_p,998,Comerc - Outros,Ponto,Totalmente Mapeável,POI: óptica - loja de varejo,14,1:25.000
pois,outdoor,shop=outdoor,constr_edificacao_p,998,Comerc - Outros,Ponto,Totalmente Mapeável,POI: outdoor - loja de varejo,14,1:25.000
streets,cycleway,highway=cycleway,N/A,N/A,N/A,N/A,Não Mapeável,Ciclovias dedicadas - nenhum tipo via_deslocamento apropriado em EDGV,13,1:25.000
pois,shoes,shop=shoes,constr_edificacao_p,998,Comerc - Outros,Ponto,Totalmente Mapeável,POI: sapatos - loja de varejo,14,1:25.000
pois,sports,shop=sports,constr_edificacao_p,998,Comerc - Outros,Ponto,Totalmente Mapeável,POI: esportes - loja de varejo,14,1:25.000
pois,stationery,shop=stationery,constr_edificacao_p,998,Comerc - Outros,Ponto,Totalmente Mapeável,POI: papelaria - loja de varejo,14,1:25.000
pois,supermarket,shop=supermarket,constr_edificacao_p,904,Comerc - Mercado,Ponto,Totalmente Mapeável,POI: supermercado,14,1:25.000
pois,toys,shop=toys,constr_edificacao_p,998,Comerc - Outros,Ponto,Totalmente Mapeável,POI: brinquedos - loja de varejo,14,1:25.000
pois,travel_agency,shop=travel_agency,constr_edificacao_p,998,Comerc - Outros,Ponto,Totalmente Mapeável,POI: agência de viagens - loja de varejo,14,1:25.000
pois,video,shop=video,constr_edificacao_p,998,Comerc - Outros,Ponto,Totalmente Mapeável,POI: vídeo - loja de varejo,14,1:25.000
pois,alpine_hut,tourism=alpine_hut,constr_edificacao_p,907,Comerc - Hotel / motel / pousada,Ponto,Totalmente Mapeável,POI: cabana alpina - edifício de hospedagem,14,1:25.000
pois,bed_and_breakfast,tourism=bed_and_breakfast,constr_edificacao_p,907,Comerc - Hotel / motel / pousada,Ponto,Totalmente Mapeável,POI: bed and breakfast - edifício de hospedagem,14,1:25.000
streets_polygons_labels,labels,,N/A,N/A,N/A,N/A,Não Mapeável,Camada de rótulo - nomes armazenados nas próprias feições de street_polygons,14,1:25.000
pois,chalet,tourism=chalet,constr_edificacao_p,907,Comerc - Hotel / motel / pousada,Ponto,Totalmente Mapeável,POI: chalé - edifício de hospedagem,14,1:25.000
pois,guest_house,tourism=guest_house,constr_edificacao_p,907,Comerc - Hotel / motel / pousada,Ponto,Totalmente Mapeável,POI: pousada - edifício de hospedagem,14,1:25.000
pois,hostel,tourism=hostel,constr_edificacao_p,907,Comerc - Hotel / motel / pousada,Ponto,Totalmente Mapeável,POI: albergue - edifício de hospedagem,14,1:25.000
pois,hotel,tourism=hotel,constr_edificacao_p,907,Comerc - Hotel / motel / pousada,Ponto,Totalmente Mapeável,POI: hotel,14,1:25.000
water_lines_labels,labels,,N/A,N/A,N/A,N/A,Não Mapeável,Camada de rótulo - nomes armazenados nas próprias feições de water_lines,12,1:50.000
water_polygons,glacier,natural=glacier,N/A,N/A,N/A,N/A,Não Mapeável,"Geleira - não existe em EDGV (tipo 23 é ""Rocha - Area rochosa/lajedo"", não geleira)",4,1:500.000
pois,motel,tourism=motel,constr_edificacao_p,907,Comerc - Hotel / motel / pousada,Ponto,Totalmente Mapeável,POI: motel,14,1:25.000
pois,theme_park,tourism=theme_park,constr_area_uso_especifico_a,18,Área relacionada ao lazer,Polígono,Totalmente Mapeável,POI: parque temático - área de parque,14,1:25.000
pois,viewpoint,tourism=viewpoint,constr_edificacao_p,711,Tur - Mirante,Ponto,Totalmente Mapeável,POI: mirante - se estrutura existe,14,1:25.000
pois,zoo,tourism=zoo,constr_area_uso_especifico_a,18,Área relacionada ao lazer,Polígono,Totalmente Mapeável,POI: zoológico - área do zoológico,14,1:25.000
water_lines,stream,waterway=stream,elemnat_trecho_drenagem_l,1,Rio,Linha,Totalmente Mapeável,Drenagem de riacho - mapeado para tipo Rio,14,1:25.000
water_lines,ditch,waterway=ditch,elemnat_trecho_drenagem_l,3,Trecho pluvial,Linha,Totalmente Mapeável,Drenagem de vala,14,1:25.000
water_polygons_labels,labels,,N/A,N/A,N/A,N/A,Não Mapeável,Camada de rótulo - nomes armazenados nas próprias feições de water_polygons,4,1:500.000
